DROP TABLE DELETE_EDITS;
DROP TABLE EDITS;
DROP TABLE EDIT_CONTENT;

DROP TABLE DELETE_ARTICLES;
DROP TABLE ARTICLES;
DROP TABLE USERPAGE;
DROP TABLE ARTICLE_CONTENT;

DROP TABLE BANS;
DROP TABLE EDITORS;
DROP TABLE MODERATORS;
DROP TABLE USERS;

CREATE TABLE USERS(
    Username varchar2(32) NOT NULL,
    Password varchar2(64) NOT NULL,
    Created Date NOT NULL,
    Deleted Date,
    Primary Key(Username)
);

INSERT INTO USERS(Username, Password, Created, Deleted)
VALUES('phlank', 'cc0b8a95a883bc0b5f64a536de42349e0ce0673918a3c446255ddc8354887140', '2011-01-07', null),
      ('energized-blast', 'd9035738cefcf6ffe9a48bd5d94d73822d9b2a2879596681e6e625a77f6dca83', '2011-07-25', null),
      ('brassband', '20ee235b5de5b36244da6f9aa1cbdd032a90867ba92276ccc8c38c0d0d57fcec', '2013-01-10', null),
      ('ghostrom', 'd36e9c47a21aed0b08455e0d192be59b4b0b25077d509f328a15b54494602831', '2013-02-01', null),
      ('akrain', '01d027f99c658a86308f5ce4a721933a123462294983951e262d74e5b2dab989', '2013-03-05', null),
      ('akshay699', 'bbc5e661e106c6dcd8dc6dd186454c2fcba3c710fb4d8e71a60c93eaf077f073', '2013-07-29', null),
      ('NahumGardner', 'fc613b4dfd6736a7bd268c8a0e74ed0d1c04a959f59dd74ef2874983fd443fc9', '2014-06-19', null),
      ('115wc', '0471bb2a9952992a3c8f45627abdff074c5cf5f2210e370c56f675d9faa36b68', '2014-10-28', null),
      ('Chemoeum', '38cdbd13f54f6edb81d99e42eb3c9c1403c4157da7e8998256b4223117b63a00', '2016-03-16', null),
      ('morgaey', 'd0e5e7b80ca0203116607a698f99c76ef627b73275e7c42bb815e84d0b814316', '2016-03-22', null),
      ('HSD5', '6b86b273ff34fce19d6b804eff5a3f5747ada4eaa22f1d49c01e52ddb7875b4b', '2016-07-12', null),
      ('stingrayZ', 'd4735e3a265e16eee03f59718b9b5d03019c07d8b6c51f90da3a666eec13ab35', '2018-04-30', null),
      ('mangophilia', '4e07408562bedb8b60ce05c1decfe3ad16b72230967de01f640b7e4729b49fce', '2018-10-20', null),
      ('areyoubready', 'ef2d127de37b942baad06145e54b0c619a1f22327b2ebbcfbec78f5564afe39d', '2019-02-13', null),
      ('SFinTX', '7902699be42c8a8e46fbbb4501726517e86b22c56a189f7625a6da49081b2451', '2011-04-11', null),
      ('kaanscott', '2c624232cdd221771294dfbb310aca000a0df6ac8b66b696d90ef06fdefb64a3', '2011-08-25', null),
      ('uardo72', '19581e27de7ced00ff1ce50b2047e7a567c76b1cbaebabe5ef03f7c3017bb5b7', '2012-04-22', null),
      ('sirnexus', '4a44dc15364204a80fe80e9039455cc1608281820fe2b24f1e5233ade6af1dd5', '2012-06-02', null),
      ('Bushloft', '4fc82b26aecb47d2868c4efbe3581732a3e7cbcc6c2efb32062c08170a05eeb8', '2012-08-20', null),
      ('Playdohpants', '6b51d431df5d7f141cbececcf79edf3dd861c3b4069f0b11661a3eefacbba918', '2012-10-18', null),
      ('finnknit', '3fdba35f04dc8c462986c992bcf875546257113072a909c162f7e470e581e278', '2015-05-03', null),
      ('RobyInfinity', '8527a891e224136950ff32ca212b45bc93f69fbb801c3b1ebedac52775f99e61', '2016-05-20', null),
      ('YeeyeePDF', 'e629fa6598d732768f7c726b4b621285f9c3b85303900aa912017db7617d8bdb', '2016-05-22', null),
      ('texasradio', 'b17ef6d19c7a5b1ee83b907c595526dcb1eb06db8227d650d5dda0a9f4ce8cd9', '2017-03-14', null),
      ('estamachin', '4523540f1504cd17100c4835e85b7eefd49911580f8efff0599a8f283be6b9e3', '2017-12-22', null),
      ('nolifeismylife', '4ec9599fc203d176a301536c2e091a19bc852759b255bd6818810a42c5fed14a', '2019-01-15', null),
      ('Loubanga', '9400f1b21cb527d7fa3d3eabba93557a18ebe7a2ca4e471cfe5e4c5b4ca7f767', '2019-04-09', null),
      ('xXx420xXx', 'e7f6c011776e8db7cd330b54174fd76f7d0216b612387a5ffcfb81e6f0919683', '2012-12-24', null);

CREATE TABLE EDITORS(
    Username varchar2(32) NOT NULL,
    Edits int,
    Primary Key(Username),
    Foreign Key(Username) REFERENCES USERS(Username)
);

INSERT INTO EDITORS(Username, Edits)
VALUES('NahumGardner', 76),
      ('115wc', 20),
      ('akshay699', 30),
      ('ghostrom', 79),
      ('Chemoeum', 123);

CREATE TABLE MODERATORS(
    Username varchar2(32) NOT NULL,
    Deletions int,
    Bans int,
    Primary Key(Username),
    Foreign Key(Username) REFERENCES USERS(Username)
);

INSERT INTO MODERATORS(Username, Deletions, Bans)
VALUES('phlank', 4, 3),
      ('energized-blast', 5, 2),
      ('brassband', 4, 1);

CREATE TABLE BANS(
    Moderator_Username varchar2(32) NOT NULL,
    Banned_Username varchar2(32) NOT NULL,
    Timestamp date NOT NULL,
    Reason varchar2(200),
    Foreign Key(Moderator_Username) REFERENCES MODERATORS(Username),
    Foreign Key(Banned_Username) REFERENCES EDITORS(Username)
);

INSERT INTO BANS(Moderator_Username, Banned_Username, Date, Reason)
VALUES('phlank', 'YeeyeePDF', 2014-04-03 06:03:36, 'continued replacing external links to never gonna give you up'),
      ('phlank', 'texasradio', 2015-10-14 20:51:24, 'continued providing false citations'),
      ('phlank', 'estamachin', 2017-02-07 13:50:03, 'death threats lol'),
      ('energized-blast', 'nolifeismylife', 2019-05-01 22:51:14, 'long time coming'),
      ('energized-blast', 'Loubanga', 2018-03-09 20:59:43, 'refuses to run any of his edits through a spell check'),
      ('brassband', 'xXx420xXx', 2017-01-24 03:01:41, 'just look at that username'),

CREATE TABLE ARTICLES(
    Article_ID int NOT NULL,
    Title varchar2(128) NOT NULL,
    Creator varchar2(32) NOT NULL,
    Edits varchar2(1999),
    Created Date NOT NULL,
    Deleted Date,
    Primary Key(Article_ID),
    Foreign Key(Creator) REFERENCES EDITORS(Username),
    Foreign Key(Article_ID) REFERENCES ARTICLE_CONTENT(Article_Content_ID)
);

INSERT INTO ARTICLES(Article_ID, Title, Creator, Edits, Created, Deleted)
VALUES(1, 'Mathematics', 'ghostrom', 7, 2014-06-11, null),
      (2, 'History of mathematics', 'ghostrom', 14, 2014-06-17, null),
      (3, 'Mathematical notation', 'ghostrom', 11, 2014-10-14, null),
      (4, 'Areas of mathematics', 'ghostrom', 16, 2015-03-01, null),
      (5, 'Pure mathematics', 'ghostrom', 15, 2016-03-22, null),
      (6, 'Arithmetic', 'ghostrom', 16, 2016-04-09, 2019-11-02),
      (7, 'Algebra', 'NahumGardner', 15, 2016-04-26, null),
      (8, 'Geometry', 'NahumGardner', 14, 2016-06-18, null),
      (9, 'Calculus', 'NahumGardner', 19, 2016-08-24, null),
      (10, 'Applied mathematics', 'NahumGardner', 9, 2016-11-04, null),
      (11, 'Statistics', 'NahumGardner', 19, 2017-02-12, null),
      (12, 'Computational mathematics', 'NahumGardner', 11, 2017-05-25, null),
      (13, 'Numerical analysis', 'NahumGardner', 18, 2017-06-20, null),
      (14, 'Functional analysis', 'Chemoeum', 13, 2017-09-04, null),
      (15, 'Approximation theory', 'Chemoeum', 18, 2017-09-09, null),
      (16, 'Euclidean geometry', 'Chemoeum', 10, 2017-11-20, null),
      (17, 'Differential geometry', 'Chemoeum', 18, 2018-01-15, null),
      (18, 'Non-Euclidean geometry', 'Chemoeum', 20, 2018-02-20, null),
      (19, 'Topology', 'Chemoeum', 17, 2018-04-25, null),
      (20, 'Algebraic geometry', 'Chemoeum', 13, 2018-04-27, null),
      (21, 'Discrete geometry', 'Chemoeum', 14, 2018-06-07, null),
      (22, 'Computational geometry', 'akshay699', 12, 2018-10-29, null),
      (23, 'Geometric group theory', 'akshay699', 18, 2019-01-15, null),
      (24, 'Convex geometry', '115wc', 10, 2019-05-24, null),
      (25, 'Number theory', '115wc', 10, 2019-08-19, null);

CREATE TABLE ARTICLE_CONTENT(
    Article_Content_ID int NOT NULL,
    Text_URL varchar2(128) NOT NULL,
    Images_URL varchar2(128),
    Categories varchar2(3999),
    Primary Key(Article_Content_ID)
);

INSERT INTO ARTICLE_CONTENT(Article_Content_ID, Text_URL, Images_URL, Categories)
VALUES(1, '/var/www/html/wiki/articles/Mathematics.wiki', '/var/www/html/wiki/articles/img/Mathematics.wiki.jpg', 'Maths'),
      (2, '/var/www/html/wiki/articles/History of mathematics.wiki', '/var/www/html/wiki/articles/img/History of mathematics.wiki.jpg', 'Maths|History'),
      (3, '/var/www/html/wiki/articles/Mathematical notation.wiki', '/var/www/html/wiki/articles/img/Mathematical notation.wiki.jpg', 'Maths|Writing|Notation'),
      (4, '/var/www/html/wiki/articles/Areas of mathematics.wiki', '/var/www/html/wiki/articles/img/Areas of mathematics.wiki.jpg', 'Maths|Subcategories'),
      (5, '/var/www/html/wiki/articles/Pure mathematics.wiki', '/var/www/html/wiki/articles/img/Pure mathematics.wiki.jpg', 'Maths|Pure Mathematics|Theory'),
      (6, '/var/www/html/wiki/articles/Arithmetic.wiki', '/var/www/html/wiki/articles/img/Arithmetic.wiki.jpg', 'Maths|Arithmetic'),
      (7, '/var/www/html/wiki/articles/Algebra.wiki', '/var/www/html/wiki/articles/img/Algebra.wiki.jpg', 'Maths|Algebra'),
      (8, '/var/www/html/wiki/articles/Geometry.wiki', '/var/www/html/wiki/articles/img/Geometry.wiki.jpg', 'Maths|Geometry'),
      (9, '/var/www/html/wiki/articles/Calculus.wiki', '/var/www/html/wiki/articles/img/Calculus.wiki.jpg', 'Maths|Theory|Calculus'),
      (10, '/var/www/html/wiki/articles/Applied mathematics.wiki', '/var/www/html/wiki/articles/img/Applied mathematics.wiki.jpg', 'Maths|Application'),
      (11, '/var/www/html/wiki/articles/Statistics.wiki', '/var/www/html/wiki/articles/img/Statistics.wiki.jpg', 'Maths|Statistics|Application'),
      (12, '/var/www/html/wiki/articles/Computational mathematics.wiki', '/var/www/html/wiki/articles/img/Computational mathematics.wiki.jpg', 'Maths|Application'),
      (13, '/var/www/html/wiki/articles/Numerical analysis.wiki', '/var/www/html/wiki/articles/img/Numerical analysis.wiki.jpg', 'Maths|Application'),
      (14, '/var/www/html/wiki/articles/Functional analysis.wiki', '/var/www/html/wiki/articles/img/Functional analysis.wiki.jpg', 'Maths|Application'),
      (15, '/var/www/html/wiki/articles/Approximation theory.wiki', '/var/www/html/wiki/articles/img/Approximation theory.wiki.jpg', 'Maths|Theory'),
      (16, '/var/www/html/wiki/articles/Euclidean geometry.wiki', '/var/www/html/wiki/articles/img/Euclidean geometry.wiki.jpg', 'Maths|Geometry'),
      (17, '/var/www/html/wiki/articles/Differential geometry.wiki', '/var/www/html/wiki/articles/img/Differential geometry.wiki.jpg', 'Maths|Geometry|Calculus'),
      (18, '/var/www/html/wiki/articles/Non-Euclidean geometry.wiki', '/var/www/html/wiki/articles/img/Non-Euclidean geometry.wiki.jpg', 'Maths|Theory'),
      (19, '/var/www/html/wiki/articles/Topology.wiki', '/var/www/html/wiki/articles/img/Topology.wiki.jpg', 'Maths|Theory'),
      (20, '/var/www/html/wiki/articles/Algebraic geometry.wiki', '/var/www/html/wiki/articles/img/Algebraic geometry.wiki.jpg', 'Maths|Theory'),
      (21, '/var/www/html/wiki/articles/Discrete geometry.wiki', '/var/www/html/wiki/articles/img/Discrete geometry.wiki.jpg', 'Maths|Theory'),
      (22, '/var/www/html/wiki/articles/Computational geometry.wiki', '/var/www/html/wiki/articles/img/Computational geometry.wiki.jpg', 'Maths|Application'),
      (23, '/var/www/html/wiki/articles/Geometric group theory.wiki', '/var/www/html/wiki/articles/img/Geometric group theory.wiki.jpg', 'Maths|Theory'),
      (24, '/var/www/html/wiki/articles/Convex geometry.wiki', '/var/www/html/wiki/articles/img/Convex geometry.wiki.jpg', 'Maths|Application'),
      (25, '/var/www/html/wiki/articles/Number theory.wiki', '/var/www/html/wiki/articles/img/Number theory.wiki.jpg', 'Maths|Theory|Application');

CREATE TABLE USERPAGE(
    Userpage_ID int NOT NULL,
    Owner varchar2(32) NOT NULL,
    Created Date NOT NULL,
    Deleted Date,
    Primary Key(Userpage_ID),
    Foreign Key(Owner) REFERENCES EDITORS(Username),
    Foreign Key(Userpage_ID) REFERENCES ARTICLE_CONTENT(Article_Content_ID)
);

INSERT INTO USERPAGE(Userpage_ID, Owner, Created, Deleted)
VALUES(1, 'phlank', 2011-01-07, null),
      (2, 'energized-blast', 2011-07-25, null),
      (3, 'brassband', 2013-01-10, null),
      (4, 'ghostrom', 2013-02-01, null),
      (5, 'akrain', 2013-03-05, null),
      (6, 'akshay699', 2013-07-29, null),
      (7, 'NahumGardner', 2014-06-19, null),
      (8, '115wc', 2014-10-28, null),
      (9, 'Chemoeum', 2016-03-16, null),
      (10, 'morgaey', 2016-03-22, null),
      (11, 'HSD5', 2016-07-12, null),
      (12, 'stingrayZ', 2018-04-30, null),
      (13, 'mangophilia', 2018-10-20, null),
      (14, 'areyoubready', 2019-02-13, null),
      (15, 'SFinTX', 2011-04-11, null),
      (16, 'kaanscott', 2011-08-25, null),
      (17, 'uardo72', 2012-04-22, null),
      (18, 'sirnexus', 2012-06-02, null),
      (19, 'Bushloft', 2012-08-20, null),
      (20, 'Playdohpants', 2012-10-18, null),
      (21, 'finnknit', 2015-05-03, null),
      (22, 'RobyInfinity', 2016-05-20, null),
      (23, 'YeeyeePDF', 2016-05-22, null),
      (24, 'texasradio', 2017-03-14, null),
      (25, 'estamachin', 2017-12-22, null),
      (26, 'nolifeismylife', 2019-01-15, null),
      (27, 'Loubanga', 2019-04-09, null),
      (28, 'xXx420xXx', 2012-12-24, null);

CREATE TABLE DELETE_ARTICLES(
    Deleted_ID int NOT NULL,
    Moderator_Username varchar2(32) NOT NULL,
    Timestamp date NOT NULL,
    Reason varchar2(200),
    Foreign Key(Deleted_ID) REFERENCES ARTICLES(Article_ID),
    Foreign Key(Moderator_Username) REFERENCES MODERATORS(Username)
);

INSERT INTO DELETE_ARTICLES(Deleted_ID, Moderator_Username, Timestamp, Reason)
VALUES(6, 'phlank', 2019-11-02, 'Not even really math is it tho');

CREATE TABLE EDITS(
    Edit_ID int NOT NULL,
    Editor varchar2(32) NOT NULL,
    Article_Title varchar2(128) NOT NULL,
    Created Date NOT NULL,
    Deleted Date,
    Primary Key(Edit_ID),
    Foreign Key(Edit_ID) REFERENCES EDIT_CONTENT(Edit_Content_ID),
    Foreign Key(Editor) REFERENCES EDITORS(Username)
);

INSERT INTO EDITS(Edit_ID, Editor, Article_Title, Created, Deleted)
VALUES(1, 'ghostrom', 'Mathematics', 2013-02-10, null),
      (2, 'ghostrom', 'Mathematics', 2015-01-24, null),
      (3, 'ghostrom', 'Mathematics', 2016-11-25, null),
      (4, 'ghostrom', 'Mathematics', 2015-04-19, null),
      (5, 'ghostrom', 'Mathematics', 2015-01-13, null),
      (6, 'ghostrom', 'Mathematics', 2013-01-26, null),
      (7, 'ghostrom', 'Mathematics', 2016-11-24, null),
      (8, 'ghostrom', 'History of mathematics', 2015-12-04, null),
      (9, 'ghostrom', 'History of mathematics', 2013-01-28, null),
      (10, 'ghostrom', 'History of mathematics', 2013-11-10, null),
      (11, 'ghostrom', 'History of mathematics', 2014-12-11, null),
      (12, 'ghostrom', 'History of mathematics', 2015-05-27, null),
      (13, 'ghostrom', 'History of mathematics', 2013-09-05, null),
      (14, 'ghostrom', 'History of mathematics', 2016-10-12, null),
      (15, 'ghostrom', 'History of mathematics', 2015-12-14, null),
      (16, 'ghostrom', 'History of mathematics', 2014-07-14, null),
      (17, 'ghostrom', 'History of mathematics', 2015-07-15, null),
      (18, 'ghostrom', 'History of mathematics', 2013-02-03, null),
      (19, 'ghostrom', 'History of mathematics', 2016-11-13, null),
      (20, 'ghostrom', 'History of mathematics', 2013-05-09, null),
      (21, 'ghostrom', 'History of mathematics', 2015-10-15, null),
      (22, 'ghostrom', 'Mathematical notation', 2013-12-21, null),
      (23, 'ghostrom', 'Mathematical notation', 2015-08-10, null),
      (24, 'ghostrom', 'Mathematical notation', 2016-09-02, null),
      (25, 'ghostrom', 'Mathematical notation', 2013-12-29, null),
      (26, 'ghostrom', 'Mathematical notation', 2016-04-19, null),
      (27, 'ghostrom', 'Mathematical notation', 2013-02-08, null),
      (28, 'ghostrom', 'Mathematical notation', 2015-05-25, null),
      (29, 'ghostrom', 'Mathematical notation', 2014-10-27, null),
      (30, 'ghostrom', 'Mathematical notation', 2016-12-12, null),
      (31, 'ghostrom', 'Mathematical notation', 2014-10-23, null),
      (32, 'ghostrom', 'Mathematical notation', 2013-12-18, null),
      (33, 'ghostrom', 'Areas of mathematics', 2016-04-18, null),
      (34, 'ghostrom', 'Areas of mathematics', 2016-08-12, null),
      (35, 'ghostrom', 'Areas of mathematics', 2013-12-20, null),
      (36, 'ghostrom', 'Areas of mathematics', 2016-06-11, null),
      (37, 'ghostrom', 'Areas of mathematics', 2016-02-19, null),
      (38, 'ghostrom', 'Areas of mathematics', 2016-02-16, null),
      (39, 'ghostrom', 'Areas of mathematics', 2015-02-13, null),
      (40, 'ghostrom', 'Areas of mathematics', 2014-02-21, null),
      (41, 'ghostrom', 'Areas of mathematics', 2013-07-27, null),
      (42, 'ghostrom', 'Areas of mathematics', 2013-02-21, null),
      (43, 'ghostrom', 'Areas of mathematics', 2016-03-13, null),
      (44, 'ghostrom', 'Areas of mathematics', 2013-05-23, null),
      (45, 'ghostrom', 'Areas of mathematics', 2014-09-18, null),
      (46, 'ghostrom', 'Areas of mathematics', 2013-04-03, null),
      (47, 'ghostrom', 'Areas of mathematics', 2015-05-12, null),
      (48, 'ghostrom', 'Areas of mathematics', 2014-03-26, null),
      (49, 'ghostrom', 'Pure mathematics', 2013-08-26, null),
      (50, 'ghostrom', 'Pure mathematics', 2013-08-07, null),
      (51, 'ghostrom', 'Pure mathematics', 2015-07-31, null),
      (52, 'ghostrom', 'Pure mathematics', 2015-01-12, null),
      (53, 'ghostrom', 'Pure mathematics', 2013-09-17, null),
      (54, 'ghostrom', 'Pure mathematics', 2014-08-04, null),
      (55, 'ghostrom', 'Pure mathematics', 2015-07-08, null),
      (56, 'ghostrom', 'Pure mathematics', 2014-09-11, null),
      (57, 'ghostrom', 'Pure mathematics', 2015-01-10, null),
      (58, 'ghostrom', 'Pure mathematics', 2015-07-16, null),
      (59, 'ghostrom', 'Pure mathematics', 2013-06-04, null),
      (60, 'ghostrom', 'Pure mathematics', 2014-03-10, null),
      (61, 'ghostrom', 'Pure mathematics', 2014-05-23, null),
      (62, 'ghostrom', 'Pure mathematics', 2015-10-04, null),
      (63, 'ghostrom', 'Pure mathematics', 2013-07-07, null),
      (64, 'ghostrom', 'Arithmetic', 2016-02-03, null),
      (65, 'ghostrom', 'Arithmetic', 2014-04-05, null),
      (66, 'ghostrom', 'Arithmetic', 2015-03-05, null),
      (67, 'ghostrom', 'Arithmetic', 2014-11-03, null),
      (68, 'ghostrom', 'Arithmetic', 2016-04-04, null),
      (69, 'ghostrom', 'Arithmetic', 2015-10-02, null),
      (70, 'ghostrom', 'Arithmetic', 2016-04-21, null),
      (71, 'ghostrom', 'Arithmetic', 2015-02-05, null),
      (72, 'ghostrom', 'Arithmetic', 2016-01-25, null),
      (73, 'ghostrom', 'Arithmetic', 2015-06-22, null),
      (74, 'ghostrom', 'Arithmetic', 2014-05-10, null),
      (75, 'ghostrom', 'Arithmetic', 2015-12-15, null),
      (76, 'ghostrom', 'Arithmetic', 2016-11-10, null),
      (77, 'ghostrom', 'Arithmetic', 2014-01-07, null),
      (78, 'ghostrom', 'Arithmetic', 2014-02-05, null),
      (79, 'ghostrom', 'Arithmetic', 2016-06-07, null),
      (80, 'NahumGardner', 'Algebra', 2016-12-07, null),
      (81, 'NahumGardner', 'Algebra', 2016-01-12, null),
      (82, 'NahumGardner', 'Algebra', 2014-12-16, null),
      (83, 'NahumGardner', 'Algebra', 2014-04-13, null),
      (84, 'NahumGardner', 'Algebra', 2015-05-19, null),
      (85, 'NahumGardner', 'Algebra', 2014-10-22, null),
      (86, 'NahumGardner', 'Algebra', 2016-09-20, null),
      (87, 'NahumGardner', 'Algebra', 2013-03-06, null),
      (88, 'NahumGardner', 'Algebra', 2015-07-20, null),
      (89, 'NahumGardner', 'Algebra', 2016-10-07, null),
      (90, 'NahumGardner', 'Algebra', 2013-01-09, null),
      (91, 'NahumGardner', 'Algebra', 2013-07-25, null),
      (92, 'NahumGardner', 'Algebra', 2015-02-11, null),
      (93, 'NahumGardner', 'Algebra', 2014-12-09, null),
      (94, 'NahumGardner', 'Algebra', 2015-12-06, null),
      (95, 'NahumGardner', 'Geometry', 2016-08-11, null),
      (96, 'NahumGardner', 'Geometry', 2015-01-02, null),
      (97, 'NahumGardner', 'Geometry', 2015-12-02, null),
      (98, 'NahumGardner', 'Geometry', 2016-05-18, null),
      (99, 'NahumGardner', 'Geometry', 2015-02-26, null),
      (100, 'NahumGardner', 'Geometry', 2016-09-11, null),
      (101, 'NahumGardner', 'Geometry', 2013-01-31, null),
      (102, 'NahumGardner', 'Geometry', 2015-06-14, null),
      (103, 'NahumGardner', 'Geometry', 2016-02-18, null),
      (104, 'NahumGardner', 'Geometry', 2016-11-15, null),
      (105, 'NahumGardner', 'Geometry', 2013-05-07, null),
      (106, 'NahumGardner', 'Geometry', 2013-03-28, null),
      (107, 'NahumGardner', 'Geometry', 2015-07-19, null),
      (108, 'NahumGardner', 'Geometry', 2013-09-04, null),
      (109, 'NahumGardner', 'Calculus', 2016-06-30, null),
      (110, 'NahumGardner', 'Calculus', 2014-05-19, null),
      (111, 'NahumGardner', 'Calculus', 2014-06-01, null),
      (112, 'NahumGardner', 'Calculus', 2014-09-05, null),
      (113, 'NahumGardner', 'Calculus', 2014-05-31, null),
      (114, 'NahumGardner', 'Calculus', 2015-02-03, null),
      (115, 'NahumGardner', 'Calculus', 2013-08-08, null),
      (116, 'NahumGardner', 'Calculus', 2016-08-09, null),
      (117, 'NahumGardner', 'Calculus', 2015-09-25, null),
      (118, 'NahumGardner', 'Calculus', 2016-05-31, null),
      (119, 'NahumGardner', 'Calculus', 2015-05-03, null),
      (120, 'NahumGardner', 'Calculus', 2015-07-21, null),
      (121, 'NahumGardner', 'Calculus', 2015-02-21, null),
      (122, 'NahumGardner', 'Calculus', 2016-03-26, null),
      (123, 'NahumGardner', 'Calculus', 2016-01-30, null),
      (124, 'NahumGardner', 'Calculus', 2014-06-18, null),
      (125, 'NahumGardner', 'Calculus', 2015-08-31, null),
      (126, 'NahumGardner', 'Calculus', 2015-01-26, null),
      (127, 'NahumGardner', 'Calculus', 2016-10-02, null),
      (128, 'NahumGardner', 'Applied mathematics', 2015-07-27, null),
      (129, 'NahumGardner', 'Applied mathematics', 2013-01-21, null),
      (130, 'NahumGardner', 'Applied mathematics', 2015-04-29, null),
      (131, 'NahumGardner', 'Applied mathematics', 2016-04-14, null),
      (132, 'NahumGardner', 'Applied mathematics', 2013-09-26, null),
      (133, 'NahumGardner', 'Applied mathematics', 2016-10-19, null),
      (134, 'NahumGardner', 'Applied mathematics', 2016-12-19, null),
      (135, 'NahumGardner', 'Applied mathematics', 2016-05-29, null),
      (136, 'NahumGardner', 'Applied mathematics', 2015-02-28, null),
      (137, 'NahumGardner', 'Statistics', 2014-02-22, null),
      (138, 'NahumGardner', 'Statistics', 2013-11-26, null),
      (139, 'NahumGardner', 'Statistics', 2014-07-06, null),
      (140, 'NahumGardner', 'Statistics', 2014-10-21, null),
      (141, 'NahumGardner', 'Statistics', 2015-01-08, null),
      (142, 'NahumGardner', 'Statistics', 2014-03-08, null),
      (143, 'NahumGardner', 'Statistics', 2016-03-12, null),
      (144, 'NahumGardner', 'Statistics', 2014-01-31, null),
      (145, 'NahumGardner', 'Statistics', 2013-02-09, null),
      (146, 'NahumGardner', 'Statistics', 2016-03-02, null),
      (147, 'NahumGardner', 'Statistics', 2015-01-25, null),
      (148, 'NahumGardner', 'Statistics', 2013-04-24, null),
      (149, 'NahumGardner', 'Statistics', 2016-12-25, null),
      (150, 'NahumGardner', 'Statistics', 2016-01-16, null),
      (151, 'NahumGardner', 'Statistics', 2016-10-27, null),
      (152, 'NahumGardner', 'Statistics', 2014-06-03, null),
      (153, 'NahumGardner', 'Statistics', 2015-11-12, null),
      (154, 'NahumGardner', 'Statistics', 2016-05-24, null),
      (155, 'NahumGardner', 'Statistics', 2014-02-01, null),
      (156, 'NahumGardner', 'Computational mathematics', 2016-05-19, null),
      (157, 'NahumGardner', 'Computational mathematics', 2015-10-08, null),
      (158, 'NahumGardner', 'Computational mathematics', 2014-11-16, null),
      (159, 'NahumGardner', 'Computational mathematics', 2013-02-12, null),
      (160, 'NahumGardner', 'Computational mathematics', 2013-10-04, null),
      (161, 'NahumGardner', 'Computational mathematics', 2014-03-20, null),
      (162, 'NahumGardner', 'Computational mathematics', 2016-01-17, null),
      (163, 'NahumGardner', 'Computational mathematics', 2014-08-10, null),
      (164, 'NahumGardner', 'Computational mathematics', 2014-02-17, null),
      (165, 'NahumGardner', 'Computational mathematics', 2013-06-09, null),
      (166, 'NahumGardner', 'Computational mathematics', 2014-08-26, null),
      (167, 'NahumGardner', 'Numerical analysis', 2015-05-30, null),
      (168, 'NahumGardner', 'Numerical analysis', 2014-12-02, null),
      (169, 'NahumGardner', 'Numerical analysis', 2014-10-10, null),
      (170, 'NahumGardner', 'Numerical analysis', 2014-04-16, null),
      (171, 'NahumGardner', 'Numerical analysis', 2014-08-08, null),
      (172, 'NahumGardner', 'Numerical analysis', 2013-12-17, null),
      (173, 'NahumGardner', 'Numerical analysis', 2015-11-02, null),
      (174, 'NahumGardner', 'Numerical analysis', 2013-02-28, null),
      (175, 'NahumGardner', 'Numerical analysis', 2016-11-27, null),
      (176, 'NahumGardner', 'Numerical analysis', 2014-04-11, null),
      (177, 'NahumGardner', 'Numerical analysis', 2014-12-26, null),
      (178, 'NahumGardner', 'Numerical analysis', 2016-10-16, null),
      (179, 'NahumGardner', 'Numerical analysis', 2013-08-11, null),
      (180, 'NahumGardner', 'Numerical analysis', 2016-04-10, null),
      (181, 'NahumGardner', 'Numerical analysis', 2016-12-14, null),
      (182, 'NahumGardner', 'Numerical analysis', 2016-02-17, null),
      (183, 'NahumGardner', 'Numerical analysis', 2016-08-30, null),
      (184, 'NahumGardner', 'Numerical analysis', 2016-02-26, null),
      (185, 'Chemoeum', 'Functional analysis', 2014-11-20, null),
      (186, 'Chemoeum', 'Functional analysis', 2013-06-12, null),
      (187, 'Chemoeum', 'Functional analysis', 2014-08-09, null),
      (188, 'Chemoeum', 'Functional analysis', 2014-02-25, null),
      (189, 'Chemoeum', 'Functional analysis', 2013-08-21, null),
      (190, 'Chemoeum', 'Functional analysis', 2016-06-26, null),
      (191, 'Chemoeum', 'Functional analysis', 2016-07-26, null),
      (192, 'Chemoeum', 'Functional analysis', 2015-10-18, null),
      (193, 'Chemoeum', 'Functional analysis', 2016-05-12, null),
      (194, 'Chemoeum', 'Functional analysis', 2016-04-24, null),
      (195, 'Chemoeum', 'Functional analysis', 2016-08-16, null),
      (196, 'Chemoeum', 'Functional analysis', 2014-03-27, null),
      (197, 'Chemoeum', 'Functional analysis', 2014-04-23, null),
      (198, 'Chemoeum', 'Approximation theory', 2015-07-26, null),
      (199, 'Chemoeum', 'Approximation theory', 2016-09-13, null),
      (200, 'Chemoeum', 'Approximation theory', 2014-11-07, null),
      (201, 'Chemoeum', 'Approximation theory', 2015-01-18, null),
      (202, 'Chemoeum', 'Approximation theory', 2015-05-13, null),
      (203, 'Chemoeum', 'Approximation theory', 2013-01-01, null),
      (204, 'Chemoeum', 'Approximation theory', 2013-08-22, null),
      (205, 'Chemoeum', 'Approximation theory', 2016-08-02, null),
      (206, 'Chemoeum', 'Approximation theory', 2016-12-24, null),
      (207, 'Chemoeum', 'Approximation theory', 2013-11-22, null),
      (208, 'Chemoeum', 'Approximation theory', 2014-05-17, null),
      (209, 'Chemoeum', 'Approximation theory', 2015-06-02, null),
      (210, 'Chemoeum', 'Approximation theory', 2015-03-29, null),
      (211, 'Chemoeum', 'Approximation theory', 2013-07-20, null),
      (212, 'Chemoeum', 'Approximation theory', 2014-03-07, null),
      (213, 'Chemoeum', 'Approximation theory', 2016-03-08, null),
      (214, 'Chemoeum', 'Approximation theory', 2013-04-18, null),
      (215, 'Chemoeum', 'Approximation theory', 2015-06-21, null),
      (216, 'Chemoeum', 'Euclidean geometry', 2014-01-17, null),
      (217, 'Chemoeum', 'Euclidean geometry', 2015-04-02, null),
      (218, 'Chemoeum', 'Euclidean geometry', 2016-06-17, null),
      (219, 'Chemoeum', 'Euclidean geometry', 2016-05-10, null),
      (220, 'Chemoeum', 'Euclidean geometry', 2016-09-08, null),
      (221, 'Chemoeum', 'Euclidean geometry', 2013-03-08, null),
      (222, 'Chemoeum', 'Euclidean geometry', 2014-12-22, null),
      (223, 'Chemoeum', 'Euclidean geometry', 2016-07-30, null),
      (224, 'Chemoeum', 'Euclidean geometry', 2015-10-30, null),
      (225, 'Chemoeum', 'Euclidean geometry', 2016-05-07, null),
      (226, 'Chemoeum', 'Differential geometry', 2016-05-21, null),
      (227, 'Chemoeum', 'Differential geometry', 2015-01-14, null),
      (228, 'Chemoeum', 'Differential geometry', 2013-09-15, null),
      (229, 'Chemoeum', 'Differential geometry', 2016-07-01, null),
      (230, 'Chemoeum', 'Differential geometry', 2015-04-10, null),
      (231, 'Chemoeum', 'Differential geometry', 2016-06-25, null),
      (232, 'Chemoeum', 'Differential geometry', 2015-08-04, null),
      (233, 'Chemoeum', 'Differential geometry', 2014-03-15, null),
      (234, 'Chemoeum', 'Differential geometry', 2015-10-07, null),
      (235, 'Chemoeum', 'Differential geometry', 2015-08-09, null),
      (236, 'Chemoeum', 'Differential geometry', 2013-10-11, null),
      (237, 'Chemoeum', 'Differential geometry', 2013-07-22, null),
      (238, 'Chemoeum', 'Differential geometry', 2014-11-06, null),
      (239, 'Chemoeum', 'Differential geometry', 2016-09-07, null),
      (240, 'Chemoeum', 'Differential geometry', 2015-10-28, null),
      (241, 'Chemoeum', 'Differential geometry', 2015-05-23, null),
      (242, 'Chemoeum', 'Differential geometry', 2014-09-23, null),
      (243, 'Chemoeum', 'Differential geometry', 2014-08-02, null),
      (244, 'Chemoeum', 'Non-Euclidean geometry', 2013-11-17, null),
      (245, 'Chemoeum', 'Non-Euclidean geometry', 2015-06-27, null),
      (246, 'Chemoeum', 'Non-Euclidean geometry', 2014-07-13, null),
      (247, 'Chemoeum', 'Non-Euclidean geometry', 2014-04-27, null),
      (248, 'Chemoeum', 'Non-Euclidean geometry', 2014-06-13, null),
      (249, 'Chemoeum', 'Non-Euclidean geometry', 2013-12-15, null),
      (250, 'Chemoeum', 'Non-Euclidean geometry', 2013-09-10, null),
      (251, 'Chemoeum', 'Non-Euclidean geometry', 2014-11-04, null),
      (252, 'Chemoeum', 'Non-Euclidean geometry', 2016-02-13, null),
      (253, 'Chemoeum', 'Non-Euclidean geometry', 2015-02-25, null),
      (254, 'Chemoeum', 'Non-Euclidean geometry', 2013-04-14, null),
      (255, 'Chemoeum', 'Non-Euclidean geometry', 2015-04-01, null),
      (256, 'Chemoeum', 'Non-Euclidean geometry', 2013-07-03, null),
      (257, 'Chemoeum', 'Non-Euclidean geometry', 2013-10-03, null),
      (258, 'Chemoeum', 'Non-Euclidean geometry', 2015-11-09, null),
      (259, 'Chemoeum', 'Non-Euclidean geometry', 2014-01-04, null),
      (260, 'Chemoeum', 'Non-Euclidean geometry', 2016-08-06, null),
      (261, 'Chemoeum', 'Non-Euclidean geometry', 2015-09-20, null),
      (262, 'Chemoeum', 'Non-Euclidean geometry', 2013-01-19, null),
      (263, 'Chemoeum', 'Non-Euclidean geometry', 2016-03-18, null),
      (264, 'Chemoeum', 'Topology', 2016-05-14, null),
      (265, 'Chemoeum', 'Topology', 2013-09-07, null),
      (266, 'Chemoeum', 'Topology', 2016-12-30, null),
      (267, 'Chemoeum', 'Topology', 2016-12-29, null),
      (268, 'Chemoeum', 'Topology', 2015-11-22, null),
      (269, 'Chemoeum', 'Topology', 2013-04-09, null),
      (270, 'Chemoeum', 'Topology', 2016-12-06, null),
      (271, 'Chemoeum', 'Topology', 2013-10-25, null),
      (272, 'Chemoeum', 'Topology', 2016-06-27, null),
      (273, 'Chemoeum', 'Topology', 2013-01-14, null),
      (274, 'Chemoeum', 'Topology', 2015-06-10, null),
      (275, 'Chemoeum', 'Topology', 2013-05-01, null),
      (276, 'Chemoeum', 'Topology', 2014-11-11, null),
      (277, 'Chemoeum', 'Topology', 2014-05-04, null),
      (278, 'Chemoeum', 'Topology', 2015-05-31, null),
      (279, 'Chemoeum', 'Topology', 2013-06-27, null),
      (280, 'Chemoeum', 'Topology', 2015-12-19, null),
      (281, 'Chemoeum', 'Algebraic geometry', 2016-06-24, null),
      (282, 'Chemoeum', 'Algebraic geometry', 2014-12-14, null),
      (283, 'Chemoeum', 'Algebraic geometry', 2013-06-15, null),
      (284, 'Chemoeum', 'Algebraic geometry', 2014-10-12, null),
      (285, 'Chemoeum', 'Algebraic geometry', 2015-05-14, null),
      (286, 'Chemoeum', 'Algebraic geometry', 2016-08-17, null),
      (287, 'Chemoeum', 'Algebraic geometry', 2013-03-19, null),
      (288, 'Chemoeum', 'Algebraic geometry', 2016-01-08, null),
      (289, 'Chemoeum', 'Algebraic geometry', 2016-12-18, null),
      (290, 'Chemoeum', 'Algebraic geometry', 2013-05-21, null),
      (291, 'Chemoeum', 'Algebraic geometry', 2014-02-08, null),
      (292, 'Chemoeum', 'Algebraic geometry', 2015-09-05, null),
      (293, 'Chemoeum', 'Algebraic geometry', 2016-07-14, null),
      (294, 'Chemoeum', 'Discrete geometry', 2016-06-28, null),
      (295, 'Chemoeum', 'Discrete geometry', 2014-11-26, null),
      (296, 'Chemoeum', 'Discrete geometry', 2016-05-09, null),
      (297, 'Chemoeum', 'Discrete geometry', 2014-01-23, null),
      (298, 'Chemoeum', 'Discrete geometry', 2015-01-07, null),
      (299, 'Chemoeum', 'Discrete geometry', 2014-08-21, null),
      (300, 'Chemoeum', 'Discrete geometry', 2014-04-30, null),
      (301, 'Chemoeum', 'Discrete geometry', 2015-11-18, null),
      (302, 'Chemoeum', 'Discrete geometry', 2014-06-04, null),
      (303, 'Chemoeum', 'Discrete geometry', 2013-10-26, null),
      (304, 'Chemoeum', 'Discrete geometry', 2013-10-15, null),
      (305, 'Chemoeum', 'Discrete geometry', 2014-12-18, null),
      (306, 'Chemoeum', 'Discrete geometry', 2016-04-02, null),
      (307, 'Chemoeum', 'Discrete geometry', 2016-09-15, null),
      (308, 'akshay699', 'Computational geometry', 2015-03-18, null),
      (309, 'akshay699', 'Computational geometry', 2015-02-15, null),
      (310, 'akshay699', 'Computational geometry', 2015-08-03, null),
      (311, 'akshay699', 'Computational geometry', 2014-07-08, null),
      (312, 'akshay699', 'Computational geometry', 2013-02-20, null),
      (313, 'akshay699', 'Computational geometry', 2013-02-04, null),
      (314, 'akshay699', 'Computational geometry', 2014-07-30, null),
      (315, 'akshay699', 'Computational geometry', 2014-01-03, null),
      (316, 'akshay699', 'Computational geometry', 2014-07-26, null),
      (317, 'akshay699', 'Computational geometry', 2015-08-30, null),
      (318, 'akshay699', 'Computational geometry', 2014-11-27, null),
      (319, 'akshay699', 'Computational geometry', 2015-12-18, null),
      (320, 'akshay699', 'Geometric group theory', 2016-07-04, null),
      (321, 'akshay699', 'Geometric group theory', 2014-03-23, null),
      (322, 'akshay699', 'Geometric group theory', 2016-01-10, null),
      (323, 'akshay699', 'Geometric group theory', 2013-01-05, null),
      (324, 'akshay699', 'Geometric group theory', 2015-12-01, null),
      (325, 'akshay699', 'Geometric group theory', 2013-10-19, null),
      (326, 'akshay699', 'Geometric group theory', 2015-08-05, null),
      (327, 'akshay699', 'Geometric group theory', 2016-09-19, null),
      (328, 'akshay699', 'Geometric group theory', 2014-08-24, null);

CREATE TABLE EDIT_CONTENT(
    Edit_Content_ID int NOT NULL,
    Text_URL varchar2(128) NOT NULL,
    Images_URL varchar2(128),
    Primary Key(Edit_Content_ID)
);

INSERT INTO EDIT_CONTENT(Edit_Content_ID, Text_URL, Images_URL)
VALUES(1, '/var/www/html/wiki/edits/1.wikiedit', '/var/www/html/wiki/img/1.jpg'),
      (2, '/var/www/html/wiki/edits/2.wikiedit', '/var/www/html/wiki/img/2.jpg'),
      (3, '/var/www/html/wiki/edits/3.wikiedit', '/var/www/html/wiki/img/3.jpg'),
      (4, '/var/www/html/wiki/edits/4.wikiedit', '/var/www/html/wiki/img/4.jpg'),
      (5, '/var/www/html/wiki/edits/5.wikiedit', '/var/www/html/wiki/img/5.jpg'),
      (6, '/var/www/html/wiki/edits/6.wikiedit', '/var/www/html/wiki/img/6.jpg'),
      (7, '/var/www/html/wiki/edits/7.wikiedit', '/var/www/html/wiki/img/7.jpg'),
      (8, '/var/www/html/wiki/edits/8.wikiedit', '/var/www/html/wiki/img/8.jpg'),
      (9, '/var/www/html/wiki/edits/9.wikiedit', '/var/www/html/wiki/img/9.jpg'),
      (10, '/var/www/html/wiki/edits/10.wikiedit', '/var/www/html/wiki/img/10.jpg'),
      (11, '/var/www/html/wiki/edits/11.wikiedit', '/var/www/html/wiki/img/11.jpg'),
      (12, '/var/www/html/wiki/edits/12.wikiedit', '/var/www/html/wiki/img/12.jpg'),
      (13, '/var/www/html/wiki/edits/13.wikiedit', '/var/www/html/wiki/img/13.jpg'),
      (14, '/var/www/html/wiki/edits/14.wikiedit', '/var/www/html/wiki/img/14.jpg'),
      (15, '/var/www/html/wiki/edits/15.wikiedit', '/var/www/html/wiki/img/15.jpg'),
      (16, '/var/www/html/wiki/edits/16.wikiedit', '/var/www/html/wiki/img/16.jpg'),
      (17, '/var/www/html/wiki/edits/17.wikiedit', '/var/www/html/wiki/img/17.jpg'),
      (18, '/var/www/html/wiki/edits/18.wikiedit', '/var/www/html/wiki/img/18.jpg'),
      (19, '/var/www/html/wiki/edits/19.wikiedit', '/var/www/html/wiki/img/19.jpg'),
      (20, '/var/www/html/wiki/edits/20.wikiedit', '/var/www/html/wiki/img/20.jpg'),
      (21, '/var/www/html/wiki/edits/21.wikiedit', '/var/www/html/wiki/img/21.jpg'),
      (22, '/var/www/html/wiki/edits/22.wikiedit', '/var/www/html/wiki/img/22.jpg'),
      (23, '/var/www/html/wiki/edits/23.wikiedit', '/var/www/html/wiki/img/23.jpg'),
      (24, '/var/www/html/wiki/edits/24.wikiedit', '/var/www/html/wiki/img/24.jpg'),
      (25, '/var/www/html/wiki/edits/25.wikiedit', '/var/www/html/wiki/img/25.jpg'),
      (26, '/var/www/html/wiki/edits/26.wikiedit', '/var/www/html/wiki/img/26.jpg'),
      (27, '/var/www/html/wiki/edits/27.wikiedit', '/var/www/html/wiki/img/27.jpg'),
      (28, '/var/www/html/wiki/edits/28.wikiedit', '/var/www/html/wiki/img/28.jpg'),
      (29, '/var/www/html/wiki/edits/29.wikiedit', '/var/www/html/wiki/img/29.jpg'),
      (30, '/var/www/html/wiki/edits/30.wikiedit', '/var/www/html/wiki/img/30.jpg'),
      (31, '/var/www/html/wiki/edits/31.wikiedit', '/var/www/html/wiki/img/31.jpg'),
      (32, '/var/www/html/wiki/edits/32.wikiedit', '/var/www/html/wiki/img/32.jpg'),
      (33, '/var/www/html/wiki/edits/33.wikiedit', '/var/www/html/wiki/img/33.jpg'),
      (34, '/var/www/html/wiki/edits/34.wikiedit', '/var/www/html/wiki/img/34.jpg'),
      (35, '/var/www/html/wiki/edits/35.wikiedit', '/var/www/html/wiki/img/35.jpg'),
      (36, '/var/www/html/wiki/edits/36.wikiedit', '/var/www/html/wiki/img/36.jpg'),
      (37, '/var/www/html/wiki/edits/37.wikiedit', '/var/www/html/wiki/img/37.jpg'),
      (38, '/var/www/html/wiki/edits/38.wikiedit', '/var/www/html/wiki/img/38.jpg'),
      (39, '/var/www/html/wiki/edits/39.wikiedit', '/var/www/html/wiki/img/39.jpg'),
      (40, '/var/www/html/wiki/edits/40.wikiedit', '/var/www/html/wiki/img/40.jpg'),
      (41, '/var/www/html/wiki/edits/41.wikiedit', '/var/www/html/wiki/img/41.jpg'),
      (42, '/var/www/html/wiki/edits/42.wikiedit', '/var/www/html/wiki/img/42.jpg'),
      (43, '/var/www/html/wiki/edits/43.wikiedit', '/var/www/html/wiki/img/43.jpg'),
      (44, '/var/www/html/wiki/edits/44.wikiedit', '/var/www/html/wiki/img/44.jpg'),
      (45, '/var/www/html/wiki/edits/45.wikiedit', '/var/www/html/wiki/img/45.jpg'),
      (46, '/var/www/html/wiki/edits/46.wikiedit', '/var/www/html/wiki/img/46.jpg'),
      (47, '/var/www/html/wiki/edits/47.wikiedit', '/var/www/html/wiki/img/47.jpg'),
      (48, '/var/www/html/wiki/edits/48.wikiedit', '/var/www/html/wiki/img/48.jpg'),
      (49, '/var/www/html/wiki/edits/49.wikiedit', '/var/www/html/wiki/img/49.jpg'),
      (50, '/var/www/html/wiki/edits/50.wikiedit', '/var/www/html/wiki/img/50.jpg'),
      (51, '/var/www/html/wiki/edits/51.wikiedit', '/var/www/html/wiki/img/51.jpg'),
      (52, '/var/www/html/wiki/edits/52.wikiedit', '/var/www/html/wiki/img/52.jpg'),
      (53, '/var/www/html/wiki/edits/53.wikiedit', '/var/www/html/wiki/img/53.jpg'),
      (54, '/var/www/html/wiki/edits/54.wikiedit', '/var/www/html/wiki/img/54.jpg'),
      (55, '/var/www/html/wiki/edits/55.wikiedit', '/var/www/html/wiki/img/55.jpg'),
      (56, '/var/www/html/wiki/edits/56.wikiedit', '/var/www/html/wiki/img/56.jpg'),
      (57, '/var/www/html/wiki/edits/57.wikiedit', '/var/www/html/wiki/img/57.jpg'),
      (58, '/var/www/html/wiki/edits/58.wikiedit', '/var/www/html/wiki/img/58.jpg'),
      (59, '/var/www/html/wiki/edits/59.wikiedit', '/var/www/html/wiki/img/59.jpg'),
      (60, '/var/www/html/wiki/edits/60.wikiedit', '/var/www/html/wiki/img/60.jpg'),
      (61, '/var/www/html/wiki/edits/61.wikiedit', '/var/www/html/wiki/img/61.jpg'),
      (62, '/var/www/html/wiki/edits/62.wikiedit', '/var/www/html/wiki/img/62.jpg'),
      (63, '/var/www/html/wiki/edits/63.wikiedit', '/var/www/html/wiki/img/63.jpg'),
      (64, '/var/www/html/wiki/edits/64.wikiedit', '/var/www/html/wiki/img/64.jpg'),
      (65, '/var/www/html/wiki/edits/65.wikiedit', '/var/www/html/wiki/img/65.jpg'),
      (66, '/var/www/html/wiki/edits/66.wikiedit', '/var/www/html/wiki/img/66.jpg'),
      (67, '/var/www/html/wiki/edits/67.wikiedit', '/var/www/html/wiki/img/67.jpg'),
      (68, '/var/www/html/wiki/edits/68.wikiedit', '/var/www/html/wiki/img/68.jpg'),
      (69, '/var/www/html/wiki/edits/69.wikiedit', '/var/www/html/wiki/img/69.jpg'),
      (70, '/var/www/html/wiki/edits/70.wikiedit', '/var/www/html/wiki/img/70.jpg'),
      (71, '/var/www/html/wiki/edits/71.wikiedit', '/var/www/html/wiki/img/71.jpg'),
      (72, '/var/www/html/wiki/edits/72.wikiedit', '/var/www/html/wiki/img/72.jpg'),
      (73, '/var/www/html/wiki/edits/73.wikiedit', '/var/www/html/wiki/img/73.jpg'),
      (74, '/var/www/html/wiki/edits/74.wikiedit', '/var/www/html/wiki/img/74.jpg'),
      (75, '/var/www/html/wiki/edits/75.wikiedit', '/var/www/html/wiki/img/75.jpg'),
      (76, '/var/www/html/wiki/edits/76.wikiedit', '/var/www/html/wiki/img/76.jpg'),
      (77, '/var/www/html/wiki/edits/77.wikiedit', '/var/www/html/wiki/img/77.jpg'),
      (78, '/var/www/html/wiki/edits/78.wikiedit', '/var/www/html/wiki/img/78.jpg'),
      (79, '/var/www/html/wiki/edits/79.wikiedit', '/var/www/html/wiki/img/79.jpg'),
      (80, '/var/www/html/wiki/edits/80.wikiedit', '/var/www/html/wiki/img/80.jpg'),
      (81, '/var/www/html/wiki/edits/81.wikiedit', '/var/www/html/wiki/img/81.jpg'),
      (82, '/var/www/html/wiki/edits/82.wikiedit', '/var/www/html/wiki/img/82.jpg'),
      (83, '/var/www/html/wiki/edits/83.wikiedit', '/var/www/html/wiki/img/83.jpg'),
      (84, '/var/www/html/wiki/edits/84.wikiedit', '/var/www/html/wiki/img/84.jpg'),
      (85, '/var/www/html/wiki/edits/85.wikiedit', '/var/www/html/wiki/img/85.jpg'),
      (86, '/var/www/html/wiki/edits/86.wikiedit', '/var/www/html/wiki/img/86.jpg'),
      (87, '/var/www/html/wiki/edits/87.wikiedit', '/var/www/html/wiki/img/87.jpg'),
      (88, '/var/www/html/wiki/edits/88.wikiedit', '/var/www/html/wiki/img/88.jpg'),
      (89, '/var/www/html/wiki/edits/89.wikiedit', '/var/www/html/wiki/img/89.jpg'),
      (90, '/var/www/html/wiki/edits/90.wikiedit', '/var/www/html/wiki/img/90.jpg'),
      (91, '/var/www/html/wiki/edits/91.wikiedit', '/var/www/html/wiki/img/91.jpg'),
      (92, '/var/www/html/wiki/edits/92.wikiedit', '/var/www/html/wiki/img/92.jpg'),
      (93, '/var/www/html/wiki/edits/93.wikiedit', '/var/www/html/wiki/img/93.jpg'),
      (94, '/var/www/html/wiki/edits/94.wikiedit', '/var/www/html/wiki/img/94.jpg'),
      (95, '/var/www/html/wiki/edits/95.wikiedit', '/var/www/html/wiki/img/95.jpg'),
      (96, '/var/www/html/wiki/edits/96.wikiedit', '/var/www/html/wiki/img/96.jpg'),
      (97, '/var/www/html/wiki/edits/97.wikiedit', '/var/www/html/wiki/img/97.jpg'),
      (98, '/var/www/html/wiki/edits/98.wikiedit', '/var/www/html/wiki/img/98.jpg'),
      (99, '/var/www/html/wiki/edits/99.wikiedit', '/var/www/html/wiki/img/99.jpg'),
      (100, '/var/www/html/wiki/edits/100.wikiedit', '/var/www/html/wiki/img/100.jpg'),
      (101, '/var/www/html/wiki/edits/101.wikiedit', '/var/www/html/wiki/img/101.jpg'),
      (102, '/var/www/html/wiki/edits/102.wikiedit', '/var/www/html/wiki/img/102.jpg'),
      (103, '/var/www/html/wiki/edits/103.wikiedit', '/var/www/html/wiki/img/103.jpg'),
      (104, '/var/www/html/wiki/edits/104.wikiedit', '/var/www/html/wiki/img/104.jpg'),
      (105, '/var/www/html/wiki/edits/105.wikiedit', '/var/www/html/wiki/img/105.jpg'),
      (106, '/var/www/html/wiki/edits/106.wikiedit', '/var/www/html/wiki/img/106.jpg'),
      (107, '/var/www/html/wiki/edits/107.wikiedit', '/var/www/html/wiki/img/107.jpg'),
      (108, '/var/www/html/wiki/edits/108.wikiedit', '/var/www/html/wiki/img/108.jpg'),
      (109, '/var/www/html/wiki/edits/109.wikiedit', '/var/www/html/wiki/img/109.jpg'),
      (110, '/var/www/html/wiki/edits/110.wikiedit', '/var/www/html/wiki/img/110.jpg'),
      (111, '/var/www/html/wiki/edits/111.wikiedit', '/var/www/html/wiki/img/111.jpg'),
      (112, '/var/www/html/wiki/edits/112.wikiedit', '/var/www/html/wiki/img/112.jpg'),
      (113, '/var/www/html/wiki/edits/113.wikiedit', '/var/www/html/wiki/img/113.jpg'),
      (114, '/var/www/html/wiki/edits/114.wikiedit', '/var/www/html/wiki/img/114.jpg'),
      (115, '/var/www/html/wiki/edits/115.wikiedit', '/var/www/html/wiki/img/115.jpg'),
      (116, '/var/www/html/wiki/edits/116.wikiedit', '/var/www/html/wiki/img/116.jpg'),
      (117, '/var/www/html/wiki/edits/117.wikiedit', '/var/www/html/wiki/img/117.jpg'),
      (118, '/var/www/html/wiki/edits/118.wikiedit', '/var/www/html/wiki/img/118.jpg'),
      (119, '/var/www/html/wiki/edits/119.wikiedit', '/var/www/html/wiki/img/119.jpg'),
      (120, '/var/www/html/wiki/edits/120.wikiedit', '/var/www/html/wiki/img/120.jpg'),
      (121, '/var/www/html/wiki/edits/121.wikiedit', '/var/www/html/wiki/img/121.jpg'),
      (122, '/var/www/html/wiki/edits/122.wikiedit', '/var/www/html/wiki/img/122.jpg'),
      (123, '/var/www/html/wiki/edits/123.wikiedit', '/var/www/html/wiki/img/123.jpg'),
      (124, '/var/www/html/wiki/edits/124.wikiedit', '/var/www/html/wiki/img/124.jpg'),
      (125, '/var/www/html/wiki/edits/125.wikiedit', '/var/www/html/wiki/img/125.jpg'),
      (126, '/var/www/html/wiki/edits/126.wikiedit', '/var/www/html/wiki/img/126.jpg'),
      (127, '/var/www/html/wiki/edits/127.wikiedit', '/var/www/html/wiki/img/127.jpg'),
      (128, '/var/www/html/wiki/edits/128.wikiedit', '/var/www/html/wiki/img/128.jpg'),
      (129, '/var/www/html/wiki/edits/129.wikiedit', '/var/www/html/wiki/img/129.jpg'),
      (130, '/var/www/html/wiki/edits/130.wikiedit', '/var/www/html/wiki/img/130.jpg'),
      (131, '/var/www/html/wiki/edits/131.wikiedit', '/var/www/html/wiki/img/131.jpg'),
      (132, '/var/www/html/wiki/edits/132.wikiedit', '/var/www/html/wiki/img/132.jpg'),
      (133, '/var/www/html/wiki/edits/133.wikiedit', '/var/www/html/wiki/img/133.jpg'),
      (134, '/var/www/html/wiki/edits/134.wikiedit', '/var/www/html/wiki/img/134.jpg'),
      (135, '/var/www/html/wiki/edits/135.wikiedit', '/var/www/html/wiki/img/135.jpg'),
      (136, '/var/www/html/wiki/edits/136.wikiedit', '/var/www/html/wiki/img/136.jpg'),
      (137, '/var/www/html/wiki/edits/137.wikiedit', '/var/www/html/wiki/img/137.jpg'),
      (138, '/var/www/html/wiki/edits/138.wikiedit', '/var/www/html/wiki/img/138.jpg'),
      (139, '/var/www/html/wiki/edits/139.wikiedit', '/var/www/html/wiki/img/139.jpg'),
      (140, '/var/www/html/wiki/edits/140.wikiedit', '/var/www/html/wiki/img/140.jpg'),
      (141, '/var/www/html/wiki/edits/141.wikiedit', '/var/www/html/wiki/img/141.jpg'),
      (142, '/var/www/html/wiki/edits/142.wikiedit', '/var/www/html/wiki/img/142.jpg'),
      (143, '/var/www/html/wiki/edits/143.wikiedit', '/var/www/html/wiki/img/143.jpg'),
      (144, '/var/www/html/wiki/edits/144.wikiedit', '/var/www/html/wiki/img/144.jpg'),
      (145, '/var/www/html/wiki/edits/145.wikiedit', '/var/www/html/wiki/img/145.jpg'),
      (146, '/var/www/html/wiki/edits/146.wikiedit', '/var/www/html/wiki/img/146.jpg'),
      (147, '/var/www/html/wiki/edits/147.wikiedit', '/var/www/html/wiki/img/147.jpg'),
      (148, '/var/www/html/wiki/edits/148.wikiedit', '/var/www/html/wiki/img/148.jpg'),
      (149, '/var/www/html/wiki/edits/149.wikiedit', '/var/www/html/wiki/img/149.jpg'),
      (150, '/var/www/html/wiki/edits/150.wikiedit', '/var/www/html/wiki/img/150.jpg'),
      (151, '/var/www/html/wiki/edits/151.wikiedit', '/var/www/html/wiki/img/151.jpg'),
      (152, '/var/www/html/wiki/edits/152.wikiedit', '/var/www/html/wiki/img/152.jpg'),
      (153, '/var/www/html/wiki/edits/153.wikiedit', '/var/www/html/wiki/img/153.jpg'),
      (154, '/var/www/html/wiki/edits/154.wikiedit', '/var/www/html/wiki/img/154.jpg'),
      (155, '/var/www/html/wiki/edits/155.wikiedit', '/var/www/html/wiki/img/155.jpg'),
      (156, '/var/www/html/wiki/edits/156.wikiedit', '/var/www/html/wiki/img/156.jpg'),
      (157, '/var/www/html/wiki/edits/157.wikiedit', '/var/www/html/wiki/img/157.jpg'),
      (158, '/var/www/html/wiki/edits/158.wikiedit', '/var/www/html/wiki/img/158.jpg'),
      (159, '/var/www/html/wiki/edits/159.wikiedit', '/var/www/html/wiki/img/159.jpg'),
      (160, '/var/www/html/wiki/edits/160.wikiedit', '/var/www/html/wiki/img/160.jpg'),
      (161, '/var/www/html/wiki/edits/161.wikiedit', '/var/www/html/wiki/img/161.jpg'),
      (162, '/var/www/html/wiki/edits/162.wikiedit', '/var/www/html/wiki/img/162.jpg'),
      (163, '/var/www/html/wiki/edits/163.wikiedit', '/var/www/html/wiki/img/163.jpg'),
      (164, '/var/www/html/wiki/edits/164.wikiedit', '/var/www/html/wiki/img/164.jpg'),
      (165, '/var/www/html/wiki/edits/165.wikiedit', '/var/www/html/wiki/img/165.jpg'),
      (166, '/var/www/html/wiki/edits/166.wikiedit', '/var/www/html/wiki/img/166.jpg'),
      (167, '/var/www/html/wiki/edits/167.wikiedit', '/var/www/html/wiki/img/167.jpg'),
      (168, '/var/www/html/wiki/edits/168.wikiedit', '/var/www/html/wiki/img/168.jpg'),
      (169, '/var/www/html/wiki/edits/169.wikiedit', '/var/www/html/wiki/img/169.jpg'),
      (170, '/var/www/html/wiki/edits/170.wikiedit', '/var/www/html/wiki/img/170.jpg'),
      (171, '/var/www/html/wiki/edits/171.wikiedit', '/var/www/html/wiki/img/171.jpg'),
      (172, '/var/www/html/wiki/edits/172.wikiedit', '/var/www/html/wiki/img/172.jpg'),
      (173, '/var/www/html/wiki/edits/173.wikiedit', '/var/www/html/wiki/img/173.jpg'),
      (174, '/var/www/html/wiki/edits/174.wikiedit', '/var/www/html/wiki/img/174.jpg'),
      (175, '/var/www/html/wiki/edits/175.wikiedit', '/var/www/html/wiki/img/175.jpg'),
      (176, '/var/www/html/wiki/edits/176.wikiedit', '/var/www/html/wiki/img/176.jpg'),
      (177, '/var/www/html/wiki/edits/177.wikiedit', '/var/www/html/wiki/img/177.jpg'),
      (178, '/var/www/html/wiki/edits/178.wikiedit', '/var/www/html/wiki/img/178.jpg'),
      (179, '/var/www/html/wiki/edits/179.wikiedit', '/var/www/html/wiki/img/179.jpg'),
      (180, '/var/www/html/wiki/edits/180.wikiedit', '/var/www/html/wiki/img/180.jpg'),
      (181, '/var/www/html/wiki/edits/181.wikiedit', '/var/www/html/wiki/img/181.jpg'),
      (182, '/var/www/html/wiki/edits/182.wikiedit', '/var/www/html/wiki/img/182.jpg'),
      (183, '/var/www/html/wiki/edits/183.wikiedit', '/var/www/html/wiki/img/183.jpg'),
      (184, '/var/www/html/wiki/edits/184.wikiedit', '/var/www/html/wiki/img/184.jpg'),
      (185, '/var/www/html/wiki/edits/185.wikiedit', '/var/www/html/wiki/img/185.jpg'),
      (186, '/var/www/html/wiki/edits/186.wikiedit', '/var/www/html/wiki/img/186.jpg'),
      (187, '/var/www/html/wiki/edits/187.wikiedit', '/var/www/html/wiki/img/187.jpg'),
      (188, '/var/www/html/wiki/edits/188.wikiedit', '/var/www/html/wiki/img/188.jpg'),
      (189, '/var/www/html/wiki/edits/189.wikiedit', '/var/www/html/wiki/img/189.jpg'),
      (190, '/var/www/html/wiki/edits/190.wikiedit', '/var/www/html/wiki/img/190.jpg'),
      (191, '/var/www/html/wiki/edits/191.wikiedit', '/var/www/html/wiki/img/191.jpg'),
      (192, '/var/www/html/wiki/edits/192.wikiedit', '/var/www/html/wiki/img/192.jpg'),
      (193, '/var/www/html/wiki/edits/193.wikiedit', '/var/www/html/wiki/img/193.jpg'),
      (194, '/var/www/html/wiki/edits/194.wikiedit', '/var/www/html/wiki/img/194.jpg'),
      (195, '/var/www/html/wiki/edits/195.wikiedit', '/var/www/html/wiki/img/195.jpg'),
      (196, '/var/www/html/wiki/edits/196.wikiedit', '/var/www/html/wiki/img/196.jpg'),
      (197, '/var/www/html/wiki/edits/197.wikiedit', '/var/www/html/wiki/img/197.jpg'),
      (198, '/var/www/html/wiki/edits/198.wikiedit', '/var/www/html/wiki/img/198.jpg'),
      (199, '/var/www/html/wiki/edits/199.wikiedit', '/var/www/html/wiki/img/199.jpg'),
      (200, '/var/www/html/wiki/edits/200.wikiedit', '/var/www/html/wiki/img/200.jpg'),
      (201, '/var/www/html/wiki/edits/201.wikiedit', '/var/www/html/wiki/img/201.jpg'),
      (202, '/var/www/html/wiki/edits/202.wikiedit', '/var/www/html/wiki/img/202.jpg'),
      (203, '/var/www/html/wiki/edits/203.wikiedit', '/var/www/html/wiki/img/203.jpg'),
      (204, '/var/www/html/wiki/edits/204.wikiedit', '/var/www/html/wiki/img/204.jpg'),
      (205, '/var/www/html/wiki/edits/205.wikiedit', '/var/www/html/wiki/img/205.jpg'),
      (206, '/var/www/html/wiki/edits/206.wikiedit', '/var/www/html/wiki/img/206.jpg'),
      (207, '/var/www/html/wiki/edits/207.wikiedit', '/var/www/html/wiki/img/207.jpg'),
      (208, '/var/www/html/wiki/edits/208.wikiedit', '/var/www/html/wiki/img/208.jpg'),
      (209, '/var/www/html/wiki/edits/209.wikiedit', '/var/www/html/wiki/img/209.jpg'),
      (210, '/var/www/html/wiki/edits/210.wikiedit', '/var/www/html/wiki/img/210.jpg'),
      (211, '/var/www/html/wiki/edits/211.wikiedit', '/var/www/html/wiki/img/211.jpg'),
      (212, '/var/www/html/wiki/edits/212.wikiedit', '/var/www/html/wiki/img/212.jpg'),
      (213, '/var/www/html/wiki/edits/213.wikiedit', '/var/www/html/wiki/img/213.jpg'),
      (214, '/var/www/html/wiki/edits/214.wikiedit', '/var/www/html/wiki/img/214.jpg'),
      (215, '/var/www/html/wiki/edits/215.wikiedit', '/var/www/html/wiki/img/215.jpg'),
      (216, '/var/www/html/wiki/edits/216.wikiedit', '/var/www/html/wiki/img/216.jpg'),
      (217, '/var/www/html/wiki/edits/217.wikiedit', '/var/www/html/wiki/img/217.jpg'),
      (218, '/var/www/html/wiki/edits/218.wikiedit', '/var/www/html/wiki/img/218.jpg'),
      (219, '/var/www/html/wiki/edits/219.wikiedit', '/var/www/html/wiki/img/219.jpg'),
      (220, '/var/www/html/wiki/edits/220.wikiedit', '/var/www/html/wiki/img/220.jpg'),
      (221, '/var/www/html/wiki/edits/221.wikiedit', '/var/www/html/wiki/img/221.jpg'),
      (222, '/var/www/html/wiki/edits/222.wikiedit', '/var/www/html/wiki/img/222.jpg'),
      (223, '/var/www/html/wiki/edits/223.wikiedit', '/var/www/html/wiki/img/223.jpg'),
      (224, '/var/www/html/wiki/edits/224.wikiedit', '/var/www/html/wiki/img/224.jpg'),
      (225, '/var/www/html/wiki/edits/225.wikiedit', '/var/www/html/wiki/img/225.jpg'),
      (226, '/var/www/html/wiki/edits/226.wikiedit', '/var/www/html/wiki/img/226.jpg'),
      (227, '/var/www/html/wiki/edits/227.wikiedit', '/var/www/html/wiki/img/227.jpg'),
      (228, '/var/www/html/wiki/edits/228.wikiedit', '/var/www/html/wiki/img/228.jpg'),
      (229, '/var/www/html/wiki/edits/229.wikiedit', '/var/www/html/wiki/img/229.jpg'),
      (230, '/var/www/html/wiki/edits/230.wikiedit', '/var/www/html/wiki/img/230.jpg'),
      (231, '/var/www/html/wiki/edits/231.wikiedit', '/var/www/html/wiki/img/231.jpg'),
      (232, '/var/www/html/wiki/edits/232.wikiedit', '/var/www/html/wiki/img/232.jpg'),
      (233, '/var/www/html/wiki/edits/233.wikiedit', '/var/www/html/wiki/img/233.jpg'),
      (234, '/var/www/html/wiki/edits/234.wikiedit', '/var/www/html/wiki/img/234.jpg'),
      (235, '/var/www/html/wiki/edits/235.wikiedit', '/var/www/html/wiki/img/235.jpg'),
      (236, '/var/www/html/wiki/edits/236.wikiedit', '/var/www/html/wiki/img/236.jpg'),
      (237, '/var/www/html/wiki/edits/237.wikiedit', '/var/www/html/wiki/img/237.jpg'),
      (238, '/var/www/html/wiki/edits/238.wikiedit', '/var/www/html/wiki/img/238.jpg'),
      (239, '/var/www/html/wiki/edits/239.wikiedit', '/var/www/html/wiki/img/239.jpg'),
      (240, '/var/www/html/wiki/edits/240.wikiedit', '/var/www/html/wiki/img/240.jpg'),
      (241, '/var/www/html/wiki/edits/241.wikiedit', '/var/www/html/wiki/img/241.jpg'),
      (242, '/var/www/html/wiki/edits/242.wikiedit', '/var/www/html/wiki/img/242.jpg'),
      (243, '/var/www/html/wiki/edits/243.wikiedit', '/var/www/html/wiki/img/243.jpg'),
      (244, '/var/www/html/wiki/edits/244.wikiedit', '/var/www/html/wiki/img/244.jpg'),
      (245, '/var/www/html/wiki/edits/245.wikiedit', '/var/www/html/wiki/img/245.jpg'),
      (246, '/var/www/html/wiki/edits/246.wikiedit', '/var/www/html/wiki/img/246.jpg'),
      (247, '/var/www/html/wiki/edits/247.wikiedit', '/var/www/html/wiki/img/247.jpg'),
      (248, '/var/www/html/wiki/edits/248.wikiedit', '/var/www/html/wiki/img/248.jpg'),
      (249, '/var/www/html/wiki/edits/249.wikiedit', '/var/www/html/wiki/img/249.jpg'),
      (250, '/var/www/html/wiki/edits/250.wikiedit', '/var/www/html/wiki/img/250.jpg'),
      (251, '/var/www/html/wiki/edits/251.wikiedit', '/var/www/html/wiki/img/251.jpg'),
      (252, '/var/www/html/wiki/edits/252.wikiedit', '/var/www/html/wiki/img/252.jpg'),
      (253, '/var/www/html/wiki/edits/253.wikiedit', '/var/www/html/wiki/img/253.jpg'),
      (254, '/var/www/html/wiki/edits/254.wikiedit', '/var/www/html/wiki/img/254.jpg'),
      (255, '/var/www/html/wiki/edits/255.wikiedit', '/var/www/html/wiki/img/255.jpg'),
      (256, '/var/www/html/wiki/edits/256.wikiedit', '/var/www/html/wiki/img/256.jpg'),
      (257, '/var/www/html/wiki/edits/257.wikiedit', '/var/www/html/wiki/img/257.jpg'),
      (258, '/var/www/html/wiki/edits/258.wikiedit', '/var/www/html/wiki/img/258.jpg'),
      (259, '/var/www/html/wiki/edits/259.wikiedit', '/var/www/html/wiki/img/259.jpg'),
      (260, '/var/www/html/wiki/edits/260.wikiedit', '/var/www/html/wiki/img/260.jpg'),
      (261, '/var/www/html/wiki/edits/261.wikiedit', '/var/www/html/wiki/img/261.jpg'),
      (262, '/var/www/html/wiki/edits/262.wikiedit', '/var/www/html/wiki/img/262.jpg'),
      (263, '/var/www/html/wiki/edits/263.wikiedit', '/var/www/html/wiki/img/263.jpg'),
      (264, '/var/www/html/wiki/edits/264.wikiedit', '/var/www/html/wiki/img/264.jpg'),
      (265, '/var/www/html/wiki/edits/265.wikiedit', '/var/www/html/wiki/img/265.jpg'),
      (266, '/var/www/html/wiki/edits/266.wikiedit', '/var/www/html/wiki/img/266.jpg'),
      (267, '/var/www/html/wiki/edits/267.wikiedit', '/var/www/html/wiki/img/267.jpg'),
      (268, '/var/www/html/wiki/edits/268.wikiedit', '/var/www/html/wiki/img/268.jpg'),
      (269, '/var/www/html/wiki/edits/269.wikiedit', '/var/www/html/wiki/img/269.jpg'),
      (270, '/var/www/html/wiki/edits/270.wikiedit', '/var/www/html/wiki/img/270.jpg'),
      (271, '/var/www/html/wiki/edits/271.wikiedit', '/var/www/html/wiki/img/271.jpg'),
      (272, '/var/www/html/wiki/edits/272.wikiedit', '/var/www/html/wiki/img/272.jpg'),
      (273, '/var/www/html/wiki/edits/273.wikiedit', '/var/www/html/wiki/img/273.jpg'),
      (274, '/var/www/html/wiki/edits/274.wikiedit', '/var/www/html/wiki/img/274.jpg'),
      (275, '/var/www/html/wiki/edits/275.wikiedit', '/var/www/html/wiki/img/275.jpg'),
      (276, '/var/www/html/wiki/edits/276.wikiedit', '/var/www/html/wiki/img/276.jpg'),
      (277, '/var/www/html/wiki/edits/277.wikiedit', '/var/www/html/wiki/img/277.jpg'),
      (278, '/var/www/html/wiki/edits/278.wikiedit', '/var/www/html/wiki/img/278.jpg'),
      (279, '/var/www/html/wiki/edits/279.wikiedit', '/var/www/html/wiki/img/279.jpg'),
      (280, '/var/www/html/wiki/edits/280.wikiedit', '/var/www/html/wiki/img/280.jpg'),
      (281, '/var/www/html/wiki/edits/281.wikiedit', '/var/www/html/wiki/img/281.jpg'),
      (282, '/var/www/html/wiki/edits/282.wikiedit', '/var/www/html/wiki/img/282.jpg'),
      (283, '/var/www/html/wiki/edits/283.wikiedit', '/var/www/html/wiki/img/283.jpg'),
      (284, '/var/www/html/wiki/edits/284.wikiedit', '/var/www/html/wiki/img/284.jpg'),
      (285, '/var/www/html/wiki/edits/285.wikiedit', '/var/www/html/wiki/img/285.jpg'),
      (286, '/var/www/html/wiki/edits/286.wikiedit', '/var/www/html/wiki/img/286.jpg'),
      (287, '/var/www/html/wiki/edits/287.wikiedit', '/var/www/html/wiki/img/287.jpg'),
      (288, '/var/www/html/wiki/edits/288.wikiedit', '/var/www/html/wiki/img/288.jpg'),
      (289, '/var/www/html/wiki/edits/289.wikiedit', '/var/www/html/wiki/img/289.jpg'),
      (290, '/var/www/html/wiki/edits/290.wikiedit', '/var/www/html/wiki/img/290.jpg'),
      (291, '/var/www/html/wiki/edits/291.wikiedit', '/var/www/html/wiki/img/291.jpg'),
      (292, '/var/www/html/wiki/edits/292.wikiedit', '/var/www/html/wiki/img/292.jpg'),
      (293, '/var/www/html/wiki/edits/293.wikiedit', '/var/www/html/wiki/img/293.jpg'),
      (294, '/var/www/html/wiki/edits/294.wikiedit', '/var/www/html/wiki/img/294.jpg'),
      (295, '/var/www/html/wiki/edits/295.wikiedit', '/var/www/html/wiki/img/295.jpg'),
      (296, '/var/www/html/wiki/edits/296.wikiedit', '/var/www/html/wiki/img/296.jpg'),
      (297, '/var/www/html/wiki/edits/297.wikiedit', '/var/www/html/wiki/img/297.jpg'),
      (298, '/var/www/html/wiki/edits/298.wikiedit', '/var/www/html/wiki/img/298.jpg'),
      (299, '/var/www/html/wiki/edits/299.wikiedit', '/var/www/html/wiki/img/299.jpg'),
      (300, '/var/www/html/wiki/edits/300.wikiedit', '/var/www/html/wiki/img/300.jpg'),
      (301, '/var/www/html/wiki/edits/301.wikiedit', '/var/www/html/wiki/img/301.jpg'),
      (302, '/var/www/html/wiki/edits/302.wikiedit', '/var/www/html/wiki/img/302.jpg'),
      (303, '/var/www/html/wiki/edits/303.wikiedit', '/var/www/html/wiki/img/303.jpg'),
      (304, '/var/www/html/wiki/edits/304.wikiedit', '/var/www/html/wiki/img/304.jpg'),
      (305, '/var/www/html/wiki/edits/305.wikiedit', '/var/www/html/wiki/img/305.jpg'),
      (306, '/var/www/html/wiki/edits/306.wikiedit', '/var/www/html/wiki/img/306.jpg'),
      (307, '/var/www/html/wiki/edits/307.wikiedit', '/var/www/html/wiki/img/307.jpg'),
      (308, '/var/www/html/wiki/edits/308.wikiedit', '/var/www/html/wiki/img/308.jpg'),
      (309, '/var/www/html/wiki/edits/309.wikiedit', '/var/www/html/wiki/img/309.jpg'),
      (310, '/var/www/html/wiki/edits/310.wikiedit', '/var/www/html/wiki/img/310.jpg'),
      (311, '/var/www/html/wiki/edits/311.wikiedit', '/var/www/html/wiki/img/311.jpg'),
      (312, '/var/www/html/wiki/edits/312.wikiedit', '/var/www/html/wiki/img/312.jpg'),
      (313, '/var/www/html/wiki/edits/313.wikiedit', '/var/www/html/wiki/img/313.jpg'),
      (314, '/var/www/html/wiki/edits/314.wikiedit', '/var/www/html/wiki/img/314.jpg'),
      (315, '/var/www/html/wiki/edits/315.wikiedit', '/var/www/html/wiki/img/315.jpg'),
      (316, '/var/www/html/wiki/edits/316.wikiedit', '/var/www/html/wiki/img/316.jpg'),
      (317, '/var/www/html/wiki/edits/317.wikiedit', '/var/www/html/wiki/img/317.jpg'),
      (318, '/var/www/html/wiki/edits/318.wikiedit', '/var/www/html/wiki/img/318.jpg'),
      (319, '/var/www/html/wiki/edits/319.wikiedit', '/var/www/html/wiki/img/319.jpg'),
      (320, '/var/www/html/wiki/edits/320.wikiedit', '/var/www/html/wiki/img/320.jpg'),
      (321, '/var/www/html/wiki/edits/321.wikiedit', '/var/www/html/wiki/img/321.jpg'),
      (322, '/var/www/html/wiki/edits/322.wikiedit', '/var/www/html/wiki/img/322.jpg'),
      (323, '/var/www/html/wiki/edits/323.wikiedit', '/var/www/html/wiki/img/323.jpg'),
      (324, '/var/www/html/wiki/edits/324.wikiedit', '/var/www/html/wiki/img/324.jpg'),
      (325, '/var/www/html/wiki/edits/325.wikiedit', '/var/www/html/wiki/img/325.jpg'),
      (326, '/var/www/html/wiki/edits/326.wikiedit', '/var/www/html/wiki/img/326.jpg'),
      (327, '/var/www/html/wiki/edits/327.wikiedit', '/var/www/html/wiki/img/327.jpg'),
      (328, '/var/www/html/wiki/edits/328.wikiedit', '/var/www/html/wiki/img/328.jpg');

CREATE TABLE DELETE_EDITS(
    Deleted_ID int NOT NULL,
    Moderator_Username varchar2(32) NOT NULL,
    Timestamp date NOT NULL,
    Reason varchar2(200),
    Foreign Key(Deleted_ID) REFERENCES EDITS(Edit_ID),
    Foreign Key(Moderator_Username) REFERENCES MODERATORS(Username)
);
